{
  "parallax_distance": 1.0, 
  "max_pixels": 64, 
  "eye_rotation": {
    "p": 0.0, 
    "b": 0.0
  }, 
  "xy_scale": {
    "y": 10.0, 
    "x": 5.0
  }, 
  "mode": "ola", 
  "eye_positions": {
    "headlights": [
      [
        18.43494882292201, 
        69.21958251233642
      ], 
      [
        -18.434948822922024, 
        69.21958251233642
      ]
    ], 
    "disco": [
      [
        18.43494882292201, 
        69.21958251233642
      ], 
      [
        0, 
        0
      ]
    ]
  }
}