{
  "parallax_distance": 1.0, 
  "eye_rotation": {
    "p": 0.0, 
    "b": 0.0
  }, 
  "xy_scale": {
    "y": 10.0, 
    "x": 5.0
  }, 
  "mode": "ola", 
  "max_pixels": 64,
  "eye_positions": {
    "disco": [
      [
        -61.61801093262346, 
        78.59876558890085
      ], 
      [
        0, 
        0
      ]
    ], 
    "headlights": [
      [
        67.06703992415663, 
        24.949628833400492
      ], 
      [
        -67.06703992415666, 
        24.949628833400492
      ]
    ]
  }
}
